ID|ROL|SEXO|EDAD|FECHA_FALLECIMIENTO
20160001|CONDUCTOR|MASCULINO|19|2016-01-01
20160002|CONDUCTOR|MASCULINO|70|2016-01-02
20160003|CONDUCTOR|MASCULINO|30|2016-01-03
20160004|CONDUCTOR|MASCULINO|18|2016-01-10
20160005|CONDUCTOR|MASCULINO|29|2016-01-21
20160008|CONDUCTOR|MASCULINO|30|2016-01-24
20160009|PASAJERO_ACOMPAÑANTE|MASCULINO|29|2016-01-24
20160010|CONDUCTOR|MASCULINO|18|2016-01-29
20160012|CONDUCTOR|MASCULINO|22|2016-02-08
20160013|PEATON|MASCULINO|16|2016-02-10
20160015|PEATON|FEMENINO|16|2016-02-14
20160016|PASAJERO_ACOMPAÑANTE|FEMENINO|19|2016-02-14
20160017|PEATON|MASCULINO|59|2016-02-15
20160019|PEATON|FEMENINO|65|2016-02-17
20160020|PEATON|MASCULINO|59|2016-02-17
20160021|CONDUCTOR|MASCULINO|34|2016-02-17
20160022|PASAJERO_ACOMPAÑANTE|MASCULINO|41|2016-02-21
20160025|PASAJERO_ACOMPAÑANTE|MASCULINO|34|2016-02-28
20160026|CONDUCTOR|MASCULINO|30|2016-02-28
20160027|PASAJERO_ACOMPAÑANTE|MASCULINO|34|2016-02-28
20160028|PEATON|MASCULINO|50|2016-03-02
20160029|PEATON|MASCULINO|38|2016-03-04
20160031|CONDUCTOR|MASCULINO|21|2016-03-08
20160034|PEATON|MASCULINO|52|2016-03-12
20160035|CONDUCTOR|MASCULINO|34|2016-03-13
20160036|PASAJERO_ACOMPAÑANTE|MASCULINO|36|2016-03-14
20160037|CONDUCTOR|MASCULINO|20|2016-03-19
20160038|PEATON|MASCULINO|29|2016-03-21
20160039|CONDUCTOR|MASCULINO|20|2016-03-23
20160041|CONDUCTOR|MASCULINO|54|2016-03-29
20160041|PASAJERO_ACOMPAÑANTE|MASCULINO|42|2016-03-29
20160043|PEATON|FEMENINO|56|2016-03-30
20160044|CONDUCTOR|MASCULINO|24|2016-03-31
20160045|CONDUCTOR|MASCULINO|42|2016-04-11
20160047|PEATON|MASCULINO|41|2016-04-15
20160048|PEATON|FEMENINO|42|2016-04-15
20160049|SD|SD|42|2016-04-17
20160050|PEATON|MASCULINO|78|2016-04-19
20160051|CONDUCTOR|MASCULINO|36|2016-04-20
20160053|PEATON|MASCULINO|38|2016-04-22
20160054|CONDUCTOR|MASCULINO|30|2016-04-23
20160055|PEATON|MASCULINO|79|2016-04-25
20160056|CONDUCTOR|MASCULINO|26|2016-04-26
20160058|PEATON|FEMENINO|57|2016-05-04
20160059|PEATON|MASCULINO|37|2016-05-08
20160064|PEATON|MASCULINO|20|2016-05-14
20160065|PEATON|MASCULINO|20|2016-05-20
20160067|PASAJERO_ACOMPAÑANTE|FEMENINO|30|2016-05-21
20160068|CONDUCTOR|MASCULINO|58|2016-05-22
20160069|CONDUCTOR|MASCULINO|30|2016-05-23
20160073|CONDUCTOR|MASCULINO|23|2016-06-11
20160074|CONDUCTOR|MASCULINO|60|2016-06-12
20160075|PEATON|MASCULINO|42|2016-06-12
20160076|PEATON|FEMENINO|53|2016-06-13
20160077|PEATON|FEMENINO|42|2016-06-13
20160078|CONDUCTOR|MASCULINO|30|2016-06-13
20160079|CONDUCTOR|FEMENINO|51|2016-06-16
20160080|CONDUCTOR|MASCULINO|60|2016-06-18
20160081|CONDUCTOR|MASCULINO|40|2016-06-22
20160082|PEATON|MASCULINO|87|2016-06-27
20160083|PEATON|FEMENINO|76|2016-06-28
20160084|PEATON|MASCULINO|57|2016-06-29
20160085|SD|MASCULINO|42|2016-06-29
20160086|PEATON|MASCULINO|75|2016-06-30
20160087|CONDUCTOR|MASCULINO|23|2016-07-02
20160088|PEATON|FEMENINO|70|2016-07-11
20160089|PEATON|MASCULINO|35|2016-07-14
20160090|PEATON|MASCULINO|60|2016-07-14
20160092|CONDUCTOR|MASCULINO|24|2016-07-15
20160093|CONDUCTOR|MASCULINO|35|2016-07-17
20160095|CONDUCTOR|MASCULINO|29|2016-07-23
20160096|CONDUCTOR|MASCULINO|42|2016-07-25
20160097|PEATON|MASCULINO|80|2016-07-26
20160098|CONDUCTOR|FEMENINO|43|2016-07-27
20160099|CONDUCTOR|MASCULINO|45|2016-07-29
20160100|CONDUCTOR|MASCULINO|57|2016-08-03
20160101|SD|MASCULINO|67|2016-08-07
20160102|CONDUCTOR|MASCULINO|29|2016-08-10
20160104|CONDUCTOR|MASCULINO|21|2016-08-14
20160105|PEATON|MASCULINO|19|2016-08-17
20160106|PEATON|MASCULINO|38|2016-08-19
20160107|CONDUCTOR|MASCULINO|21|2016-08-20
20160109|CONDUCTOR|FEMENINO|53|2016-08-24
20160110|PEATON|MASCULINO|57|2016-08-24
20160111|CONDUCTOR|MASCULINO|27|2016-08-25
20160112|CONDUCTOR|MASCULINO|24|2016-08-27
20160113|PEATON|FEMENINO|60|2016-08-27
20160114|CICLISTA|FEMENINO|55|2016-08-31
20160115|SD|MASCULINO|42|2016-09-02
20160116|CONDUCTOR|MASCULINO|30|2016-09-02
20160117|CONDUCTOR|MASCULINO|43|2016-09-03
20160118|CONDUCTOR|MASCULINO|27|2016-09-04
20160119|PASAJERO_ACOMPAÑANTE|FEMENINO|42|2016-09-04
20160122|CICLISTA|MASCULINO|49|2016-09-13
20160123|CONDUCTOR|FEMENINO|58|2016-09-14
20160124|PEATON|MASCULINO|67|2016-09-16
20160125|CONDUCTOR|MASCULINO|30|2016-09-17
20160126|CONDUCTOR|MASCULINO|37|2016-09-18
20160126|PASAJERO_ACOMPAÑANTE|MASCULINO|60|2016-09-18
20160127|PEATON|MASCULINO|50|2016-09-24
20160128|PEATON|FEMENINO|81|2016-10-02
20160130|CONDUCTOR|MASCULINO|29|2016-10-04
20160131|PEATON|MASCULINO|35|2016-10-09
20160132|PASAJERO_ACOMPAÑANTE|MASCULINO|30|2016-10-10
20160133|CONDUCTOR|MASCULINO|41|2016-10-14
20160134|CONDUCTOR|MASCULINO|25|2016-10-23
20160135|PEATON|MASCULINO|29|2016-10-24
20160137|CONDUCTOR|MASCULINO|30|2016-10-25
20160138|CICLISTA|FEMENINO|33|2016-10-27
20160139|PASAJERO_ACOMPAÑANTE|FEMENINO|35|2016-10-28
20160140|PASAJERO_ACOMPAÑANTE|MASCULINO|20|2016-10-31
20160142|CONDUCTOR|MASCULINO|46|2016-11-05
20160143|CONDUCTOR|MASCULINO|35|2016-11-06
20160144|PEATON|MASCULINO|83|2016-11-07
20160145|CONDUCTOR|MASCULINO|39|2016-11-07
20160146|PEATON|FEMENINO|29|2016-11-09
20160147|PASAJERO_ACOMPAÑANTE|MASCULINO|55|2016-11-16
20160148|CONDUCTOR|MASCULINO|42|2016-11-16
20160150|PASAJERO_ACOMPAÑANTE|MASCULINO|41|2016-11-18
20160152|CONDUCTOR|MASCULINO|42|2016-11-23
20160153|PEATON|FEMENINO|83|2016-11-25
20160154|CONDUCTOR|MASCULINO|38|2016-11-26
20160155|PEATON|FEMENINO|29|2016-11-26
20160156|CONDUCTOR|MASCULINO|23|2016-11-26
20160157|CONDUCTOR|MASCULINO|23|2016-12-03
20160159|CONDUCTOR|MASCULINO|23|2016-12-04
20160160|CONDUCTOR|MASCULINO|29|2016-12-06
20160161|PEATON|MASCULINO|50|2016-12-06
20160162|PEATON|MASCULINO|38|2016-12-07
20160163|CONDUCTOR|MASCULINO|23|2016-12-10
20160164|CONDUCTOR|MASCULINO|29|2016-12-11
20160165|CICLISTA|MASCULINO|37|2016-12-12
20160168|CONDUCTOR|MASCULINO|43|2016-12-13
20160169|CONDUCTOR|MASCULINO|24|2016-12-15
20160170|PASAJERO_ACOMPAÑANTE|MASCULINO|21|2016-12-19
20160171|CONDUCTOR|SD|42|2016-12-25
20160172|CONDUCTOR|MASCULINO|38|2016-12-26
20160173|CONDUCTOR|MASCULINO|35|2016-12-26
20160175|PEATON|FEMENINO|42|2016-12-27
20160176|CONDUCTOR|MASCULINO|28|2016-12-28
20160177|PEATON|FEMENINO|27|2016-12-29
20160178|PEATON|FEMENINO|7|2016-12-30
20170001|CONDUCTOR|MASCULINO|18|2017-01-02
20170003|PASAJERO_ACOMPAÑANTE|MASCULINO|33|2017-01-05
20170007|PEATON|MASCULINO|48|2017-01-11
20170008|CONDUCTOR|MASCULINO|29|2017-01-16
20170009|CONDUCTOR|MASCULINO|36|2017-01-16
20170010|CONDUCTOR|MASCULINO|23|2017-01-16
20170011|PASAJERO_ACOMPAÑANTE|FEMENINO|29|2017-01-22
20170012|CONDUCTOR|MASCULINO|30|2017-01-24
20170013|PEATON|MASCULINO|4|2017-01-27
20170014|PASAJERO_ACOMPAÑANTE|FEMENINO|22|2017-01-28
20170015|PEATON|MASCULINO|82|2017-02-02
20170016|CONDUCTOR|MASCULINO|27|2017-02-03
20170017|CONDUCTOR|MASCULINO|32|2017-02-06
20170018|CONDUCTOR|MASCULINO|30|2017-02-09
20170021|CONDUCTOR|MASCULINO|43|2017-02-18
20170024|PEATON|MASCULINO|39|2017-02-23
20170025|CONDUCTOR|MASCULINO|23|2017-02-24
20170026|PASAJERO_ACOMPAÑANTE|FEMENINO|23|2017-02-26
20170026|CONDUCTOR|MASCULINO|19|2017-02-26
20170027|PEATON|MASCULINO|42|2017-02-26
20170028|PEATON|MASCULINO|87|2017-02-28
20170029|SD|MASCULINO|34|2017-03-07
20170030|CONDUCTOR|FEMENINO|27|2017-03-07
20170031|PASAJERO_ACOMPAÑANTE|MASCULINO|70|2017-03-11
20170032|PASAJERO_ACOMPAÑANTE|FEMENINO|40|2017-03-12
20170033|CONDUCTOR|MASCULINO|28|2017-03-12
20170034|PEATON|MASCULINO|43|2017-03-13
20170035|CONDUCTOR|MASCULINO|28|2017-03-23
20170035|PASAJERO_ACOMPAÑANTE|MASCULINO|32|2017-03-23
20170035|PASAJERO_ACOMPAÑANTE|MASCULINO|30|2017-03-23
20170036|PASAJERO_ACOMPAÑANTE|FEMENINO|42|2017-03-29
20170036|CONDUCTOR|MASCULINO|20|2017-03-29
20170037|CONDUCTOR|MASCULINO|41|2017-03-31
20170038|CONDUCTOR|FEMENINO|40|2017-04-01
20170040|CONDUCTOR|MASCULINO|43|2017-04-03
20170041|CONDUCTOR|MASCULINO|17|2017-04-03
20170045|CONDUCTOR|MASCULINO|21|2017-04-14
20170047|CONDUCTOR|MASCULINO|37|2017-04-23
20170049|PEATON|MASCULINO|22|2017-04-27
20170052|PEATON|FEMENINO|47|2017-05-05
20170053|CONDUCTOR|MASCULINO|28|2017-05-05
20170054|PASAJERO_ACOMPAÑANTE|FEMENINO|20|2017-05-07
20170055|CONDUCTOR|MASCULINO|32|2017-05-09
20170058|PEATON|MASCULINO|80|2017-05-09
20170059|PEATON|FEMENINO|39|2017-05-11
20170060|PASAJERO_ACOMPAÑANTE|MASCULINO|30|2017-05-13
20170061|PEATON|MASCULINO|47|2017-05-15
20170062|CONDUCTOR|MASCULINO|35|2017-05-15
20170063|PEATON|FEMENINO|79|2017-05-17
20170064|PASAJERO_ACOMPAÑANTE|MASCULINO|61|2017-05-20
20170065|CICLISTA|MASCULINO|21|2017-05-22
20170066|PEATON|MASCULINO|10|2017-05-22
20170067|CONDUCTOR|MASCULINO|21|2017-05-23
20170068|CONDUCTOR|MASCULINO|32|2017-05-27
20170069|CONDUCTOR|MASCULINO|39|2017-05-24
20170070|PEATON|MASCULINO|80|2017-05-30
20170072|CONDUCTOR|MASCULINO|25|2017-06-03
20170073|CONDUCTOR|MASCULINO|19|2017-06-04
20170074|SD|MASCULINO|70|2017-06-04
20170075|PEATON|MASCULINO|55|2017-06-12
20170076|PEATON|FEMENINO|30|2017-06-13
20170077|CONDUCTOR|FEMENINO|60|2017-06-17
20170079|CONDUCTOR|MASCULINO|33|2017-06-19
20170080|PEATON|FEMENINO|95|2017-06-22
20170082|PEATON|MASCULINO|36|2017-06-25
20170083|CONDUCTOR|MASCULINO|37|2017-07-04
20170084|PEATON|FEMENINO|73|2017-07-05
20170085|PEATON|MASCULINO|84|2017-07-07
20170086|PEATON|FEMENINO|30|2017-07-09
20170087|PEATON|FEMENINO|73|2017-07-10
20170088|PEATON|MASCULINO|43|2017-07-10
20170089|SD|MASCULINO|23|2017-07-13
20170090|PEATON|MASCULINO|22|2017-07-15
20170091|CONDUCTOR|MASCULINO|58|2017-07-15
20170092|PEATON|MASCULINO|66|2017-07-24
20170093|PEATON|MASCULINO|42|2017-07-25
20170094|CICLISTA|FEMENINO|56|2017-07-27
20170095|CONDUCTOR|MASCULINO|36|2017-08-06
20170096|PEATON|MASCULINO|87|2017-08-07
20170098|PEATON|FEMENINO|61|2017-08-08
20170099|CICLISTA|MASCULINO|28|2017-08-17
20170100|PASAJERO_ACOMPAÑANTE|FEMENINO|16|2017-08-21
20170101|PEATON|FEMENINO|61|2017-08-23
20170102|PEATON|MASCULINO|46|2017-08-24
20170104|PEATON|FEMENINO|18|2017-08-25
20170106|PEATON|FEMENINO|85|2017-08-31
20170107|CONDUCTOR|MASCULINO|41|2017-09-01
20170108|PASAJERO_ACOMPAÑANTE|MASCULINO|17|2017-09-02
20170108|PASAJERO_ACOMPAÑANTE|MASCULINO|10|2017-09-02
20170109|CONDUCTOR|MASCULINO|21|2017-09-04
20170110|PEATON|MASCULINO|56|2017-09-06
20170111|PEATON|FEMENINO|79|2017-09-07
20170112|PASAJERO_ACOMPAÑANTE|MASCULINO|1|2017-09-10
20170112|PASAJERO_ACOMPAÑANTE|MASCULINO|42|2017-09-10
20170113|PEATON|FEMENINO|76|2017-09-11
20170114|CONDUCTOR|MASCULINO|26|2017-09-15
20170115|CONDUCTOR|MASCULINO|34|2017-09-19
20170116|CONDUCTOR|MASCULINO|22|2017-09-20
20170118|PASAJERO_ACOMPAÑANTE|FEMENINO|26|2017-09-22
20170120|CONDUCTOR|MASCULINO|20|2017-10-02
20170123|PEATON|FEMENINO|36|2017-10-10
20170124|CONDUCTOR|MASCULINO|51|2017-10-12
20170125|CONDUCTOR|MASCULINO|29|2017-10-13
20170126|PASAJERO_ACOMPAÑANTE|MASCULINO|39|2017-10-14
20170126|CONDUCTOR|MASCULINO|36|2017-10-14
20170127|PASAJERO_ACOMPAÑANTE|MASCULINO|24|2017-10-16
20170128|PEATON|FEMENINO|60|2017-10-17
20170129|CONDUCTOR|MASCULINO|57|2017-10-26
20170130|CONDUCTOR|MASCULINO|23|2017-10-27
20170132|CONDUCTOR|MASCULINO|23|2017-10-30
20170134|PEATON|FEMENINO|47|2017-11-06
20170135|CONDUCTOR|MASCULINO|24|2017-11-07
20170136|PEATON|MASCULINO|55|2017-11-16
20170137|PEATON|FEMENINO|60|2017-11-17
20170138|PASAJERO_ACOMPAÑANTE|MASCULINO|25|2017-11-19
20170139|PASAJERO_ACOMPAÑANTE|FEMENINO|15|2017-11-19
20170141|PEATON|FEMENINO|22|2017-11-23
20170143|CONDUCTOR|MASCULINO|50|2017-11-25
20170144|PASAJERO_ACOMPAÑANTE|FEMENINO|50|2017-11-26
20170145|CONDUCTOR|MASCULINO|58|2017-11-26
20170147|CONDUCTOR|MASCULINO|49|2017-11-28
20170148|PEATON|FEMENINO|82|2017-11-29
20170149|PEATON|MASCULINO|13|2017-11-30
20170150|PEATON|MASCULINO|56|2017-12-04
20170151|PEATON|MASCULINO|42|2017-12-04
20170152|CICLISTA|MASCULINO|19|2017-12-06
20170153|PASAJERO_ACOMPAÑANTE|MASCULINO|42|2017-12-11
20170153|CONDUCTOR|MASCULINO|30|2017-12-11
20170154|PEATON|MASCULINO|76|2017-12-11
20170155|SD|MASCULINO|77|2017-12-12
20170157|CONDUCTOR|MASCULINO|53|2017-12-17
20170158|CONDUCTOR|MASCULINO|32|2017-12-18
20170159|CONDUCTOR|MASCULINO|27|2017-12-20
20170160|PEATON|FEMENINO|30|2017-12-22
20170161|PEATON|FEMENINO|30|2017-12-26
20180001|PEATON|MASCULINO|83|2018-01-01
20180002|CICLISTA|FEMENINO|26|2018-01-03
20180003|PEATON|FEMENINO|58|2018-01-05
20180004|CONDUCTOR|MASCULINO|39|2018-01-09
20180005|PEATON|MASCULINO|54|2018-01-09
20180006|CICLISTA|FEMENINO|45|2018-01-10
20180007|CONDUCTOR|MASCULINO|46|2018-01-11
20180008|CONDUCTOR|FEMENINO|32|2018-01-12
20180009|CONDUCTOR|MASCULINO|19|2018-01-14
20180010|CONDUCTOR|MASCULINO|40|2018-01-18
20180011|PEATON|MASCULINO|84|2018-01-19
20180012|CONDUCTOR|MASCULINO|20|2018-01-26
20180013|CONDUCTOR|MASCULINO|44|2018-01-28
20180014|PEATON|MASCULINO|42|2018-01-31
20180015|CONDUCTOR|MASCULINO|28|2018-02-06
20180015|PASAJERO_ACOMPAÑANTE|MASCULINO|19|2018-02-06
20180016|CONDUCTOR|MASCULINO|31|2018-02-15
20180017|PEATON|MASCULINO|35|2018-02-17
20180018|CONDUCTOR|MASCULINO|26|2018-02-17
20180019|PEATON|FEMENINO|80|2018-02-17
20180020|CONDUCTOR|MASCULINO|26|2018-02-19
20180021|PEATON|FEMENINO|62|2018-02-22
20180022|CONDUCTOR|MASCULINO|28|2018-02-24
20180023|CONDUCTOR|MASCULINO|28|2018-02-24
20180024|PEATON|MASCULINO|70|2018-02-28
20180025|PEATON|MASCULINO|70|2018-03-04
20180026|CONDUCTOR|MASCULINO|24|2018-03-09
20180026|PASAJERO_ACOMPAÑANTE|MASCULINO|30|2018-03-09
20180027|PEATON|FEMENINO|74|2018-03-11
20180028|PEATON|MASCULINO|71|2018-03-13
20180029|CONDUCTOR|MASCULINO|26|2018-03-15
20180030|CONDUCTOR|MASCULINO|24|2018-03-20
20180031|CONDUCTOR|MASCULINO|31|2018-03-28
20180032|PEATON|MASCULINO|70|2018-04-02
20180033|CONDUCTOR|FEMENINO|42|2018-04-07
20180034|PEATON|MASCULINO|24|2018-04-11
20180035|PEATON|FEMENINO|39|2018-04-12
20180036|CONDUCTOR|MASCULINO|37|2018-04-13
20180037|PEATON|MASCULINO|84|2018-04-18
20180038|PEATON|FEMENINO|59|2018-04-20
20180038|PEATON|MASCULINO|61|2018-04-20
20180040|PEATON|FEMENINO|42|2018-04-27
20180041|PEATON|FEMENINO|78|2018-04-27
20180042|PASAJERO_ACOMPAÑANTE|MASCULINO|23|2018-04-27
20180043|CONDUCTOR|MASCULINO|25|2018-04-28
20180044|PEATON|FEMENINO|50|2018-04-28
20180045|CONDUCTOR|MASCULINO|60|2018-04-30
20180046|PEATON|MASCULINO|11|2018-05-02
20180047|PEATON|MASCULINO|82|2018-05-08
20180048|PEATON|MASCULINO|57|2018-05-09
20180049|PEATON|FEMENINO|40|2018-05-11
20180050|PEATON|FEMENINO|47|2018-05-14
20180051|PEATON|FEMENINO|57|2018-05-15
20180052|PEATON|MASCULINO|78|2018-05-18
20180053|CONDUCTOR|MASCULINO|43|2018-05-20
20180054|PEATON|FEMENINO|86|2018-05-22
20180055|CONDUCTOR|MASCULINO|21|2018-05-29
20180056|PEATON|FEMENINO|69|2018-06-02
20180057|CONDUCTOR|MASCULINO|33|2018-06-03
20180058|CONDUCTOR|MASCULINO|26|2018-06-03
20180059|CONDUCTOR|MASCULINO|54|2018-06-08
20180060|PEATON|MASCULINO|51|2018-06-08
20180061|CONDUCTOR|MASCULINO|51|2018-06-10
20180062|PEATON|MASCULINO|32|2018-06-14
20180063|PEATON|FEMENINO|28|2018-06-16
20180064|CONDUCTOR|MASCULINO|30|2018-06-25
20180065|CONDUCTOR|MASCULINO|35|2018-06-26
20180066|PEATON|MASCULINO|73|2018-06-28
20180067|PASAJERO_ACOMPAÑANTE|FEMENINO|81|2018-06-29
20180068|CONDUCTOR|MASCULINO|21|2018-07-01
20180069|CICLISTA|MASCULINO|20|2018-07-04
20180070|CONDUCTOR|MASCULINO|33|2018-07-07
20180071|CONDUCTOR|MASCULINO|42|2018-07-10
20180072|CONDUCTOR|MASCULINO|27|2018-07-11
20180073|PEATON|FEMENINO|67|2018-07-11
20180074|CONDUCTOR|MASCULINO|25|2018-07-14
20180075|PEATON|MASCULINO|23|2018-07-15
20180076|CONDUCTOR|MASCULINO|73|2018-07-16
20180077|CONDUCTOR|MASCULINO|58|2018-07-16
20180078|PEATON|MASCULINO|27|2018-07-21
20180079|PEATON|MASCULINO|42|2018-07-23
20180080|PEATON|MASCULINO|26|2018-07-25
20180081|PEATON|MASCULINO|35|2018-07-29
20180082|CONDUCTOR|FEMENINO|17|2018-08-01
20180083|CONDUCTOR|MASCULINO|42|2018-08-02
20180084|PEATON|MASCULINO|45|2018-08-03
20180085|PASAJERO_ACOMPAÑANTE|FEMENINO|22|2018-08-03
20180085|CONDUCTOR|MASCULINO|30|2018-08-03
20180086|PEATON|MASCULINO|40|2018-08-10
20180087|PEATON|MASCULINO|75|2018-08-15
20180088|CONDUCTOR|MASCULINO|42|2018-08-17
20180089|PEATON|MASCULINO|80|2018-08-17
20180090|CONDUCTOR|MASCULINO|27|2018-08-18
20180091|PASAJERO_ACOMPAÑANTE|FEMENINO|23|2018-08-19
20180092|CONDUCTOR|MASCULINO|23|2018-08-20
20180093|PEATON|MASCULINO|24|2018-08-20
20180094|CONDUCTOR|MASCULINO|32|2018-08-23
20180095|PASAJERO_ACOMPAÑANTE|FEMENINO|49|2018-08-26
20180096|PEATON|MASCULINO|39|2018-08-31
20180097|CONDUCTOR|FEMENINO|35|2018-09-02
20180098|CONDUCTOR|MASCULINO|55|2018-09-09
20180098|PASAJERO_ACOMPAÑANTE|MASCULINO|54|2018-09-09
20180099|PEATON|MASCULINO|18|2018-09-12
20180100|SD|FEMENINO|33|2018-09-20
20180101|CONDUCTOR|MASCULINO|42|2018-09-21
20180102|CONDUCTOR|MASCULINO|20|2018-09-21
20180103|PEATON|MASCULINO|1|2018-09-27
20180104|CONDUCTOR|MASCULINO|22|2018-10-01
20180105|PEATON|FEMENINO|56|2018-10-03
20180106|CONDUCTOR|MASCULINO|27|2018-10-04
20180107|PEATON|FEMENINO|62|2018-10-06
20180108|CONDUCTOR|MASCULINO|37|2018-10-09
20180109|PEATON|MASCULINO|34|2018-10-10
20180110|PEATON|MASCULINO|60|2018-10-13
20180111|CONDUCTOR|MASCULINO|28|2018-10-19
20180112|CONDUCTOR|FEMENINO|28|2018-10-24
20180113|CONDUCTOR|MASCULINO|20|2018-10-25
20180114|CONDUCTOR|MASCULINO|23|2018-10-30
20180115|PEATON|MASCULINO|42|2018-10-31
20180116|PEATON|MASCULINO|48|2018-11-01
20180117|CONDUCTOR|MASCULINO|30|2018-11-04
20180118|PEATON|FEMENINO|80|2018-11-05
20180119|PEATON|FEMENINO|32|2018-11-05
20180120|PEATON|FEMENINO|51|2018-11-09
20180121|PEATON|FEMENINO|72|2018-11-09
20180122|CONDUCTOR|MASCULINO|33|2018-11-12
20180123|CONDUCTOR|MASCULINO|25|2018-11-12
20180124|CONDUCTOR|MASCULINO|44|2018-11-15
20180125|PEATON|MASCULINO|29|2018-11-16
20180126|CONDUCTOR|MASCULINO|27|2018-11-18
20180127|CONDUCTOR|MASCULINO|29|2018-11-19
20180128|PASAJERO_ACOMPAÑANTE|MASCULINO|49|2018-11-25
20180128|PASAJERO_ACOMPAÑANTE|FEMENINO|39|2018-11-25
20180129|CONDUCTOR|MASCULINO|37|2018-11-28
20180130|CONDUCTOR|MASCULINO|42|2018-12-03
20180131|CONDUCTOR|MASCULINO|29|2018-12-07
20180132|PEATON|MASCULINO|70|2018-12-12
20180133|PEATON|FEMENINO|60|2018-12-12
20180134|PEATON|MASCULINO|56|2018-12-12
20180135|PEATON|MASCULINO|80|2018-12-18
20180136|PEATON|FEMENINO|70|2018-12-18
20180137|PASAJERO_ACOMPAÑANTE|MASCULINO|29|2018-12-18
20180138|PASAJERO_ACOMPAÑANTE|FEMENINO|79|2018-12-21
20180139|PASAJERO_ACOMPAÑANTE|MASCULINO|28|2018-12-22
20180140|CONDUCTOR|MASCULINO|78|2018-12-22
20180141|PEATON|MASCULINO|75|2018-12-22
20180142|PASAJERO_ACOMPAÑANTE|MASCULINO|32|2018-12-25
20180143|CONDUCTOR|MASCULINO|22|2018-12-29
20190001|CONDUCTOR|MASCULINO|25|2019-01-08
20190002|CONDUCTOR|MASCULINO|32|2019-01-09
20190003|CONDUCTOR|MASCULINO|23|2019-01-12
20190004|CONDUCTOR|MASCULINO|71|2019-01-14
20190005|CONDUCTOR|MASCULINO|43|2019-01-19
20190006|PEATON|FEMENINO|12|2019-01-23
20190007|CONDUCTOR|MASCULINO|35|2019-01-26
20190008|CONDUCTOR|MASCULINO|42|2019-01-30
20190009|CONDUCTOR|MASCULINO|34|2019-01-31
20190010|PEATON|MASCULINO|42|2019-02-02
20190010|PEATON|MASCULINO|59|2019-02-02
20190011|PEATON|MASCULINO|42|2019-02-10
20190012|CONDUCTOR|MASCULINO|31|2019-02-17
20190013|PEATON|MASCULINO|39|2019-02-20
20190014|CONDUCTOR|MASCULINO|69|2019-02-20
20190015|CONDUCTOR|MASCULINO|21|2019-02-23
20190016|CONDUCTOR|MASCULINO|40|2019-02-24
20190017|CONDUCTOR|MASCULINO|22|2019-03-03
20190018|PEATON|FEMENINO|29|2019-03-03
20190019|CONDUCTOR|MASCULINO|42|2019-03-06
20190020|CONDUCTOR|MASCULINO|43|2019-03-07
20190021|CONDUCTOR|MASCULINO|23|2019-03-15
20190022|PASAJERO_ACOMPAÑANTE|MASCULINO|42|2019-03-15
20190023|CONDUCTOR|MASCULINO|34|2019-03-16
20190024|CONDUCTOR|MASCULINO|32|2019-03-19
20190025|PEATON|MASCULINO|27|2019-03-22
20190026|PEATON|MASCULINO|42|2019-03-28
20190027|CICLISTA|MASCULINO|37|2019-03-28
20190028|PEATON|FEMENINO|42|2019-04-06
20190029|CONDUCTOR|MASCULINO|27|2019-04-07
20190030|CONDUCTOR|MASCULINO|25|2019-04-09
20190031|CICLISTA|MASCULINO|20|2019-04-12
20190032|PEATON|FEMENINO|83|2019-04-16
20190033|CONDUCTOR|MASCULINO|25|2019-04-18
20190034|CONDUCTOR|MASCULINO|42|2019-04-21
20190035|PEATON|FEMENINO|75|2019-04-23
20190036|CONDUCTOR|MASCULINO|34|2019-04-26
20190037|CONDUCTOR|MASCULINO|17|2019-05-01
20190038|PEATON|FEMENINO|42|2019-05-04
20190105|PEATON|FEMENINO|82|2019-05-05
20190039|CONDUCTOR|MASCULINO|28|2019-05-09
20190040|CONDUCTOR|MASCULINO|44|2019-05-09
20190041|PASAJERO_ACOMPAÑANTE|FEMENINO|78|2019-05-11
20190042|PEATON|MASCULINO|39|2019-05-14
20190043|CICLISTA|FEMENINO|42|2019-05-21
20190044|PEATON|FEMENINO|77|2019-05-27
20190045|CONDUCTOR|MASCULINO|33|2019-06-03
20190046|PASAJERO_ACOMPAÑANTE|FEMENINO|26|2019-06-04
20190047|PEATON|MASCULINO|76|2019-06-06
20190048|CONDUCTOR|MASCULINO|32|2019-06-07
20190049|PEATON|FEMENINO|72|2019-06-08
20190050|CONDUCTOR|MASCULINO|21|2019-06-08
20190051|CONDUCTOR|MASCULINO|41|2019-06-11
20190053|PASAJERO_ACOMPAÑANTE|MASCULINO|49|2019-06-14
20190054|CONDUCTOR|MASCULINO|21|2019-06-20
20190055|CONDUCTOR|MASCULINO|47|2019-06-20
20190056|PEATON|FEMENINO|75|2019-06-29
20190057|PEATON|FEMENINO|63|2019-07-05
20190058|CONDUCTOR|MASCULINO|39|2019-07-10
20190059|CONDUCTOR|MASCULINO|30|2019-07-13
20190060|PEATON|FEMENINO|78|2019-07-17
20190061|PEATON|FEMENINO|58|2019-07-17
20190062|PEATON|FEMENINO|60|2019-08-01
20190063|PASAJERO_ACOMPAÑANTE|MASCULINO|42|2019-08-04
20190064|CONDUCTOR|MASCULINO|20|2019-08-06
20190065|PEATON|FEMENINO|55|2019-08-08
20190066|PEATON|MASCULINO|40|2019-08-11
20190067|CONDUCTOR|MASCULINO|35|2019-08-14
20190068|CONDUCTOR|MASCULINO|53|2019-08-14
20190069|CONDUCTOR|MASCULINO|43|2019-08-17
20190070|CONDUCTOR|MASCULINO|25|2019-08-22
20190071|PEATON|MASCULINO|42|2019-08-27
20190072|CONDUCTOR|MASCULINO|22|2019-08-28
20190073|CONDUCTOR|MASCULINO|29|2019-08-29
20190074|CONDUCTOR|MASCULINO|35|2019-08-29
20190075|CONDUCTOR|MASCULINO|31|2019-08-30
20190076|CONDUCTOR|FEMENINO|29|2019-09-05
20190077|PEATON|FEMENINO|28|2019-09-08
20190078|PEATON|FEMENINO|72|2019-09-12
20190079|CONDUCTOR|MASCULINO|57|2019-09-17
20190080|PEATON|MASCULINO|76|2019-09-17
20190081|PEATON|MASCULINO|67|2019-09-23
20190082|CICLISTA|MASCULINO|47|2019-09-25
20190083|CONDUCTOR|MASCULINO|73|2019-09-26
20190084|CICLISTA|FEMENINO|40|2019-09-27
20190085|CICLISTA|MASCULINO|20|2019-10-09
20190086|CONDUCTOR|MASCULINO|29|2019-10-15
20190087|CONDUCTOR|MASCULINO|41|2019-10-21
20190088|PEATON|MASCULINO|27|2019-10-22
20190089|PEATON|FEMENINO|92|2019-10-23
20190090|PEATON|MASCULINO|67|2019-10-24
20190091|PEATON|MASCULINO|35|2019-11-01
20190092|PEATON|MASCULINO|37|2019-11-03
20190093|CICLISTA|MASCULINO|16|2019-11-13
20190094|PASAJERO_ACOMPAÑANTE|FEMENINO|42|2019-11-18
20190095|CONDUCTOR|MASCULINO|42|2019-11-20
20190096|PEATON|MASCULINO|73|2019-11-22
20190097|PASAJERO_ACOMPAÑANTE|FEMENINO|23|2019-11-25
20190098|PASAJERO_ACOMPAÑANTE|FEMENINO|61|2019-11-25
20190100|CONDUCTOR|MASCULINO|38|2019-12-05
20190101|CONDUCTOR|MASCULINO|25|2019-12-17
20190102|CONDUCTOR|MASCULINO|18|2019-12-17
20190103|CONDUCTOR|MASCULINO|24|2019-12-18
20190104|PASAJERO_ACOMPAÑANTE|FEMENINO|23|2019-12-21
20200001|PEATON|FEMENINO|87|2020-01-04
20200002|CONDUCTOR|MASCULINO|36|2020-01-05
20200003|PEATON|MASCULINO|44|2020-01-11
20200004|PEATON|MASCULINO|82|2020-01-14
20200005|CONDUCTOR|MASCULINO|25|2020-01-14
20200006|CONDUCTOR|MASCULINO|23|2020-01-20
20200007|PEATON|MASCULINO|52|2020-01-27
20200008|CONDUCTOR|MASCULINO|49|2020-01-30
20200009|PEATON|MASCULINO|48|2020-02-04
20200010|CONDUCTOR|MASCULINO|42|2020-02-08
20200011|CONDUCTOR|MASCULINO|31|2020-02-12
20200012|PEATON|FEMENINO|66|2020-02-18
20200013|PEATON|FEMENINO|58|2020-02-20
20200014|CONDUCTOR|MASCULINO|42|2020-02-27
20200015|CONDUCTOR|MASCULINO|29|2020-02-28
20200016|PEATON|MASCULINO|68|2020-02-29
20200017|PEATON|MASCULINO|42|2020-03-05
20200018|CONDUCTOR|MASCULINO|31|2020-03-09
20200019|PEATON|FEMENINO|80|2020-03-10
20200020|PEATON|FEMENINO|74|2020-03-13
20200021|PEATON|FEMENINO|87|2020-03-14
20200022|PASAJERO_ACOMPAÑANTE|MASCULINO|44|2020-04-07
20200023|CONDUCTOR|MASCULINO|44|2020-04-09
20200024|CONDUCTOR|MASCULINO|53|2020-04-24
20200025|PEATON|MASCULINO|42|2020-05-12
20200027|PEATON|MASCULINO|76|2020-05-18
20200028|PEATON|MASCULINO|91|2020-05-19
20200029|PEATON|MASCULINO|80|2020-06-10
20200030|CONDUCTOR|MASCULINO|40|2020-06-16
20200031|CONDUCTOR|MASCULINO|29|2020-06-30
20200032|CONDUCTOR|MASCULINO|21|2020-07-10
20200033|CONDUCTOR|MASCULINO|32|2020-07-19
20200034|PEATON|FEMENINO|42|2020-08-02
20200035|CONDUCTOR|MASCULINO|40|2020-08-04
20200036|PEATON|MASCULINO|72|2020-08-07
20200037|PEATON|MASCULINO|38|2020-08-29
20200038|CONDUCTOR|MASCULINO|46|2020-08-30
20200038|CONDUCTOR|MASCULINO|64|2020-08-30
20200040|CONDUCTOR|MASCULINO|42|2020-09-12
20200041|CONDUCTOR|MASCULINO|34|2020-09-28
20200042|PEATON|FEMENINO|53|2020-09-29
20200043|PEATON|MASCULINO|64|2020-09-30
20200044|CONDUCTOR|MASCULINO|43|2020-10-05
20200045|CONDUCTOR|MASCULINO|50|2020-10-19
20200046|CONDUCTOR|MASCULINO|41|2020-10-27
20200047|PEATON|MASCULINO|15|2020-10-27
20200048|CONDUCTOR|MASCULINO|41|2020-10-29
20200049|PEATON|MASCULINO|36|2020-10-30
20200050|PEATON|FEMENINO|28|2020-11-01
20200051|CONDUCTOR|MASCULINO|49|2020-11-05
20200052|CICLISTA|MASCULINO|44|2020-11-07
20200053|PASAJERO_ACOMPAÑANTE|MASCULINO|27|2020-11-09
20200054|CICLISTA|MASCULINO|59|2020-11-19
20200055|PEATON|MASCULINO|91|2020-11-19
20200056|CONDUCTOR|FEMENINO|34|2020-11-21
20200057|PEATON|MASCULINO|84|2020-11-23
20200058|PEATON|MASCULINO|57|2020-11-24
20200059|PEATON|FEMENINO|49|2020-12-01
20200060|PEATON|FEMENINO|69|2020-12-03
20200061|CONDUCTOR|MASCULINO|45|2020-12-03
20200062|CICLISTA|MASCULINO|47|2020-12-04
20200063|PEATON|MASCULINO|38|2020-12-05
20200063|PASAJERO_ACOMPAÑANTE|MASCULINO|21|2020-12-05
20200065|CONDUCTOR|MASCULINO|24|2020-12-05
20200066|CONDUCTOR|MASCULINO|27|2020-12-07
20200067|PEATON|MASCULINO|51|2020-12-11
20200068|CONDUCTOR|MASCULINO|71|2020-12-12
20200069|PASAJERO_ACOMPAÑANTE|MASCULINO|25|2020-12-15
20200070|PEATON|FEMENINO|81|2020-12-17
20200071|PEATON|MASCULINO|4|2020-12-17
20200072|CICLISTA|MASCULINO|42|2020-12-19
20200073|CONDUCTOR|MASCULINO|56|2020-12-20
20200074|CONDUCTOR|MASCULINO|39|2020-12-20
20200075|PEATON|MASCULINO|23|2020-12-23
20200076|CONDUCTOR|FEMENINO|78|2020-12-24
20200077|CONDUCTOR|FEMENINO|30|2020-12-25
20200077|PASAJERO_ACOMPAÑANTE|FEMENINO|24|2020-12-25
20200078|CICLISTA|MASCULINO|26|2020-12-25
20200079|CONDUCTOR|MASCULINO|28|2020-12-27
20210001|CONDUCTOR|MASCULINO|36|2021-01-06
20210002|CONDUCTOR|FEMENINO|47|2021-01-07
20210003|CONDUCTOR|MASCULINO|27|2021-01-10
20210004|PEATON|FEMENINO|61|2021-01-11
20210005|PEATON|MASCULINO|73|2021-01-11
20210006|PASAJERO_ACOMPAÑANTE|FEMENINO|23|2021-01-12
20210007|CONDUCTOR|MASCULINO|84|2021-01-18
20210008|PEATON|MASCULINO|28|2021-01-22
20210009|CONDUCTOR|MASCULINO|31|2021-01-23
20210010|CONDUCTOR|MASCULINO|28|2021-01-23
20210011|PEATON|MASCULINO|21|2021-01-27
20210012|PEATON|MASCULINO|42|2021-01-29
20210013|CONDUCTOR|MASCULINO|41|2021-01-31
20210014|PEATON|MASCULINO|28|2021-02-02
20210015|CONDUCTOR|MASCULINO|26|2021-02-06
20210016|CONDUCTOR|MASCULINO|22|2021-02-14
20210017|CONDUCTOR|MASCULINO|33|2021-02-17
20210018|PEATON|MASCULINO|36|2021-02-20
20210019|CONDUCTOR|MASCULINO|30|2021-02-21
20210020|PEATON|FEMENINO|42|2021-02-21
20210021|CONDUCTOR|MASCULINO|39|2021-02-26
20210022|PASAJERO_ACOMPAÑANTE|MASCULINO|68|2021-02-28
20210024|CICLISTA|MASCULINO|5|2021-03-03
20210025|CONDUCTOR|MASCULINO|37|2021-03-11
20210026|CONDUCTOR|MASCULINO|36|2021-03-15
20210027|CONDUCTOR|FEMENINO|19|2021-03-16
20210028|PEATON|MASCULINO|42|2021-03-29
20210029|CONDUCTOR|MASCULINO|26|2021-03-31
20210030|PEATON|MASCULINO|36|2021-04-03
20210031|PEATON|FEMENINO|68|2021-04-07
20210032|PEATON|MASCULINO|60|2021-04-10
20210033|CONDUCTOR|MASCULINO|33|2021-04-14
20210034|PASAJERO_ACOMPAÑANTE|FEMENINO|26|2021-04-19
20210035|CONDUCTOR|MASCULINO|24|2021-05-03
20210036|CONDUCTOR|MASCULINO|36|2021-05-09
20210037|PEATON|FEMENINO|58|2021-05-11
20210038|CONDUCTOR|FEMENINO|44|2021-05-14
20210039|CICLISTA|MASCULINO|86|2021-05-15
20210040|CONDUCTOR|MASCULINO|27|2021-05-20
20210041|PEATON|MASCULINO|75|2021-05-20
20210042|PEATON|MASCULINO|39|2021-05-21
20210043|PEATON|MASCULINO|50|2021-05-22
20210044|PASAJERO_ACOMPAÑANTE|MASCULINO|21|2021-05-25
20210045|CONDUCTOR|MASCULINO|22|2021-05-26
20210046|PASAJERO_ACOMPAÑANTE|MASCULINO|20|2021-05-31
20210047|CONDUCTOR|MASCULINO|59|2021-06-02
20210048|CICLISTA|MASCULINO|44|2021-06-03
20210049|CONDUCTOR|MASCULINO|74|2021-06-03
20210050|CONDUCTOR|MASCULINO|56|2021-06-10
20210051|PEATON|MASCULINO|73|2021-06-15
20210052|PASAJERO_ACOMPAÑANTE|FEMENINO|19|2021-06-20
20210053|PEATON|MASCULINO|58|2021-06-20
20210054|CONDUCTOR|MASCULINO|41|2021-06-22
20210055|PASAJERO_ACOMPAÑANTE|MASCULINO|47|2021-06-29
20210056|CICLISTA|MASCULINO|60|2021-07-09
20210057|CONDUCTOR|MASCULINO|46|2021-07-10
20210058|PEATON|MASCULINO|24|2021-07-21
20210059|PASAJERO_ACOMPAÑANTE|FEMENINO|44|2021-07-22
20210060|PEATON|FEMENINO|80|2021-07-22
20210061|PEATON|FEMENINO|55|2021-07-24
20210062|CONDUCTOR|MASCULINO|73|2021-07-27
20210063|PASAJERO_ACOMPAÑANTE|FEMENINO|31|2021-08-02
20210064|PEATON|MASCULINO|37|2021-08-02
20210065|PEATON|FEMENINO|63|2021-08-06
20210066|PEATON|MASCULINO|59|2021-08-06
20210067|CONDUCTOR|MASCULINO|27|2021-08-08
20210068|CONDUCTOR|MASCULINO|39|2021-08-15
20210069|PEATON|MASCULINO|17|2021-08-20
20210070|CONDUCTOR|MASCULINO|31|2021-08-28
20210071|PEATON|MASCULINO|88|2021-08-31
20210072|PEATON|FEMENINO|57|2021-09-01
20210073|CICLISTA|FEMENINO|76|2021-09-18
20210074|CONDUCTOR|MASCULINO|55|2021-09-20
20210075|PEATON|MASCULINO|65|2021-09-21
20210076|CONDUCTOR|MASCULINO|31|2021-10-16
20210077|CONDUCTOR|FEMENINO|31|2021-10-18
20210078|CONDUCTOR|MASCULINO|22|2021-10-23
20210079|PEATON|MASCULINO|42|2021-10-25
20210080|CONDUCTOR|MASCULINO|32|2021-10-28
20210081|CONDUCTOR|MASCULINO|26|2021-11-02
20210082|CONDUCTOR|MASCULINO|38|2021-11-06
20210083|CONDUCTOR|MASCULINO|30|2021-11-09
20210084|CONDUCTOR|MASCULINO|32|2021-11-11
20210097|CICLISTA|MASCULINO|53|2021-11-18
20210085|CONDUCTOR|MASCULINO|49|2021-11-20
20210086|PEATON|MASCULINO|75|2021-11-25
20210087|PEATON|FEMENINO|73|2021-11-27
20210088|CONDUCTOR|MASCULINO|45|2021-12-01
20210089|CONDUCTOR|MASCULINO|41|2021-12-02
20210090|PEATON|MASCULINO|73|2021-12-10
20210091|CONDUCTOR|MASCULINO|24|2021-12-11
20210092|PEATON|FEMENINO|50|2021-12-12
20210093|PASAJERO_ACOMPAÑANTE|FEMENINO|18|2021-12-13
20210094|PASAJERO_ACOMPAÑANTE|FEMENINO|43|2021-12-20
20210095|CONDUCTOR|MASCULINO|27|2021-12-30
20210096|CONDUCTOR|MASCULINO|60|2021-12-15
